"","term","estimate","std.error","statistic","p.value"
"1","n_disp",-0.0024864277922713,0.00103570505327275,-2.40071030300988,0.0163647449970657
"2","rec_l",0.141248594407905,0.0316872178559668,4.45758902059329,0.00000829589525047585
"3","disp_dist_mt3",0.0998072622219666,0.0697612625246588,1.43069747607689,0.152519450127403
"4","disp_dist_mt3Xrec_l",-0.100676835317218,0.0697763047581521,-1.44285134711803,0.149064870349514
"5","d_2012",0.0242961761389827,0.00943600626641606,2.57483679567445,0.0100298848803153
"6","d_2013",0.0818718408002958,0.0170019121659858,4.81544899191335,0.00000147041632752873
"7","d_2014",0.150157229566202,0.0181271797123666,8.2835406251179,0.000000000000000120736176098237
"8","d_2015",0.245548672957113,0.0203928261308993,12.0409339726119,0.000000000000000000000000000000002259610191976
"9","d_2016",0.279319834222176,0.0231644789493489,12.0581099550278,0.00000000000000000000000000000000183504049686515
